unique_id,category,variation,filename paste,file,inches,inch_variance,radius_max,servings_min,servings_max,scale_min,scale_max,rotate_min,rotate_max,center_x,center_y,pie_count
0000,box,cardboard,0000-box-cardboard,Y,,,,,,,,,,2048,2048,
0010,box,greasy,0000-box-greasy,Y,,,,,,,,,,2048,2048,
0500,paper,redchecker,0500-paper-redchecker,Y,,,,,,,,,,2048,2048,
1000,crust,thincrust,1000-crust-thincrust,Y,,,,,,,,,,2048,2048,
1010,crust,thickcrust,1010-crust-thickcrust,Y,,,,,,,,,,2048,2048,
1020,crust,mooncrust,1020-crust-mooncrust,Y,,,,,,,,,,2048,2048,
1030,crust,stuffedcheese,1030-crust-stuffedcheese,N,,,,,,,,,,2048,2048,
1040,crust,castle,,,,,,,,,,,,2048,2048,
1050,crust,whitebread,,,,,,,,,,,,2048,2048,
1060,crust,cauliflower,,,,,,,,,,,,2048,2048,
1070,crust,,,,,,,,,,,,,2048,2048,
2000,sauce,tomato,2000-sauce-tomato,Y,,,,,,,,,,2048,2048,
2010,sauce,pesto,2010-sauce-pesto,Y,,,,,,,,,,2048,2048,
2020,sauce,mud,2020-sauce-mud,Y,,,,,,,,,,2048,2048,
2030,sauce,bbq,2030-sauce-bbq,Y,,,,,,,,,,2048,2048,
2040,sauce,nutella,2040-sauce-nutella,N,,,,,,,,,,2048,2048,
2050,sauce,white,2050-sauce-white,N,,,,,,,,,,2048,2048,
2060,sauce,deepspace,2060-sauce-deepspace,Y,,,,,,,,,,2048,2048,
2070,sauce,prismicfluid,2070-sauce-prismicfluid,Y,,,,,,,,,,2048,2048,
2080,sauce,currysauce,2080-sauce-currysauce,N,,,,,,,,,,2048,2048,
2090,sauce,redglitter,2090-sauce-redglitter,N,,,,,,,,,,2048,2048,
3000,cheese,mozzarella,3000-cheese-mozzarella,Y,,,,,,,,,,2048,2048,
3010,cheese,digitalvegan,3010-cheese-digitalvegan,Y,,,,,,,,,,2048,2048,
3020,cheese,fetaballs,3020-cheese-fetaballs,Y,,,,,,,,,,2048,2048,
3030,cheese,smoked mozzarella,3030-cheese-smoked mozzarella,Y,,,,,,,,,,2048,2048,
3031,cheese,smoked mozzarella,3031-cheese-smoked mozzarella,Y,,,,,,,,,,2048,2048,
3032,cheese,smoked mozzarella,3032-cheese-smoked mozzarella,Y,,,,,,,,,,2048,2048,
3040,cheese,goat,3040-cheese-goat,Y,,,,,,,,,,2048,2048,
3050,cheese,czech,3050-cheese-czech,Y,,,,,,,,,,2048,2048,
3060,cheese,,3060-cheese-,N,,,,,,,,,,2048,2048,
3070,cheese,provolone,3070-cheese-provolone,Y,,,,,,,,,,2048,2048,
3071,cheese,provolone,3071-cheese-provolone,Y,,,,,,,,,,2048,2048,
3080,cheese,,3080-cheese-,N,,,,,,,,,,2048,2048,
3090,cheese,chezdoge,3090-cheese-chezdoge,Y,,,,,,,,,,2048,2048,
3100,cheese,,3100-cheese-,N,,,,,,,,,,2048,2048,
3110,cheese,,3110-cheese-,N,,,,,,,,,,2048,2048,
3120,cheese,,3120-cheese-,N,,,,,,,,,,2048,2048,
3120,extra-cheese,korbacik,3120-extra-cheese-korbacik,Y,,,,,,,,,,2048,2048,
3140,cheese,,3140-cheese-,N,,,,,,,,,,2048,2048,
3150,cheese,,3150-cheese-,N,,,,,,,,,,2048,2048,
3160,cheese,,3160-cheese-,N,,,,,,,,,,2048,2048,
3170,cheese,,3170-cheese-,N,,,,,,,,,,2048,2048,
3171,cheese,cheesecake,#REF!,N,,,,,,,,,,2048,2048,
4000,topping-meat,pepperoni,4000-topping-meat-pepperoni,Y,1.75,0.25,,18,29,0.25,0.28,-45,45,512,512,
4001,topping-meat,pepperoni,4001-topping-meat-pepperoni,Y,1.75,0.25,,18,29,0.25,0.28,-45,45,512,512,
4002,topping-meat,pepperoni,4002-topping-meat-pepperoni,Y,1.75,0.25,,18,29,0.25,0.28,-45,45,512,512,
4003,topping-meat,pepperoni,4003-topping-meat-pepperoni,Y,1.75,0.25,,18,29,0.25,0.28,-45,45,512,512,
4004,topping-meat,pepperoni,4004-topping-meat-pepperoni,Y,1.75,0.25,,18,29,0.25,0.28,-45,45,512,512,
4005,topping-meat,pepperoni,4005-topping-meat-pepperoni,Y,1.75,0.25,,18,29,0.25,0.28,-45,45,512,512,
4006,topping-meat,pepperoni,4006-topping-meat-pepperoni,Y,1.75,0.25,,18,29,0.25,0.28,-45,45,512,512,
4010,topping-meat,salami,4010-topping-meat-salami,Y,2,0.3,,,,,,,,512,512,
4011,topping-meat,salami,4011-topping-meat-salami,Y,2,0.3,,,,,,,,512,512,
4012,topping-meat,salami,4012-topping-meat-salami,Y,2,0.3,,,,,,,,512,512,
4020,topping-meat,turkeysausage,4020-topping-meat-turkeysausage,Y,4.5,,,,,,,,,512,512,
4021,topping-meat,turkeysausage,4021-topping-meat-turkeysausage,Y,4.5,,,,,,,,,512,512,
4030,topping-meat,spam,4030-topping-meat-spam,Y,3,,,,,,,,,512,512,
4031,topping-meat,spam,4031-topping-meat-spam,Y,3,,,,,,,,,512,512,
4032,topping-meat,spam,4032-topping-meat-spam,Y,3,,,,,,,,,512,512,
4033,topping-meat,spam,4033-topping-meat-spam,Y,3,,,,,,,,,512,512,
4034,topping-meat,spam,4034-topping-meat-spam,Y,3,,,,,,,,,512,512,
4035,topping-meat,spam,4035-topping-meat-spam,Y,3,,,,,,,,,512,512,
4036,topping-meat,spam,4036-topping-meat-spam,Y,3,,,,,,,,,512,512,
4037,topping-meat,spam,4037-topping-meat-spam,Y,3,,,,,,,,,512,512,
4038,topping-meat,spam,4038-topping-meat-spam,Y,3,,,,,,,,,512,512,
4040,topping-meat,ham,4040-topping-meat-ham,N,,,,,,,,,,512,512,
4050,topping-meat,duck,4050-topping-meat-duck,N,,,,,,,,,,512,512,
4060,topping-meat,turkey,4060-topping-meat-turkey,N,,,,,,,,,,512,512,
4070,topping-meat,prosciutto,4070-topping-meat-prosciutto,N,,,,,,,,,,512,512,
4090,topping-meat,beef,4090-topping-meat-beef,N,,,,,,,,,,512,512,
4100,topping-meat,chickentikka,4100-topping-meat-chickentikka,N,,,,,,,,,,512,512,
4110,topping-meat,chorizo,4110-topping-meat-chorizo,N,,,,,,,,,,512,512,
4120,topping-meat,bbqchicken,4120-topping-meat-bbqchicken,Y,8,,,,,,,,,512,512,
4130,topping-meat,bacon,4130-topping-meat-bacon,N,,,,,,,,,,512,512,
4140,topping-meat,venison,4140-topping-meat-venison,N,,,,,,,,,,512,512,
4150,topping-meat,sausage,4150-topping-meat-sausage,N,,,,,,,,,,512,512,
4160,topping-meat,meatballs,4160-topping-meat-meatballs,N,,,,,,,,,,512,512,
4170,topping-meat,dumpling,4170-topping-meat-dumpling,N,,,,,,,,,,512,512,
4180,topping-meat,buffalochicken,4180-topping-meat-buffalochicken,N,,,,,,,,,,512,512,
4190,topping-meat,charsiupork,4190-topping-meat-charsiupork,N,,,,,,,,,,512,512,
4200,topping-meat,cheeseburger,4200-topping-meat-cheeseburger,Y,3.75,,,,,,,,,512,512,
4210,topping-meat,vegansausage,4210-topping-meat-vegansausage,Y,4,,,,,,,,,512,512,
4220,topping-meat,eyeball,4220-topping-meat-eyeball,Y,1.5,,,,,,,,,512,512,
4230,topping-meat,finger,4230-topping-meat-finger,Y,3,,,,,,,,,512,512,
4231,topping-meat,finger,4231-topping-meat-finger,Y,3,,,,,,,,,512,512,
4232,topping-meat,finger,4232-topping-meat-finger,Y,3,,,,,,,,,512,512,
4233,topping-meat,finger,4233-topping-meat-finger,Y,3,,,,,,,,,512,512,
4234,topping-meat,finger,4234-topping-meat-finger,Y,3,,,,,,,,,,,
4235,extra-special,bigtoe,4235-extra-special-bigtoe,Y,3,,,,,,,,,,,
4240,topping-meat,rainbowpepperoni,4240-topping-meat-rainbowpepperoni,Y,1.75,,,,,,,,,,,
4250,topping-meat,kali,4250-topping-meat-kali,Y,1.75,,,,,,,,,,,
4260,topping-meat,seitan,4260-topping-meat-seitan,Y,3,,,,,,,,,,,
4270,topping-meat,escargot,4270-topping-meat-escargot,Y,1.5,,,,,,,,,,,
4271,topping-meat,escargot,4271-topping-meat-escargot,Y,1.5,,,,,,,,,,,
4272,topping-meat,escargot,4272-topping-meat-escargot,Y,1.5,,,,,,,,,,,
4273,topping-meat,escargot,4273-topping-meat-escargot,Y,1.5,,,,,,,,,,,
4274,topping-meat,escargot,4274-topping-meat-escargot,Y,1.5,,,,,,,,,,,
4275,topping-meat,escargot,4275-topping-meat-escargot,Y,1.5,,,,,,,,,,,
4280,topping-meat,roastbeef,4280-topping-meat-roastbeef,Y,3,,,,,,,,,,,
4281,topping-meat,roastbeef,4281-topping-meat-roastbeef,Y,3,,,,,,,,,,,
4282,topping-meat,roastbeef,4282-topping-meat-roastbeef,Y,3,,,,,,,,,,,
4283,topping-meat,roastbeef,4283-topping-meat-roastbeef,Y,3,,,,,,,,,,,
4284,topping-meat,roastbeef,4284-topping-meat-roastbeef,Y,3,,,,,,,,,,,
4285,topping-meat,roastbeef,4285-topping-meat-roastbeef,Y,3,,,,,,,,,,,
4280,topping-meat,,4280-topping-meat-,N,,,,,,,,,,,,
4290,topping-meat,,4290-topping-meat-,N,,,,,,,,,,,,
4300,topping-meat,,4300-topping-meat-,N,,,,,,,,,,,,
4310,topping-meat,froglegs,4310-topping-meat-froglegs,Y,3,,,,,,,,,,,
4311,topping-meat,froglegs,4311-topping-meat-froglegs,Y,3,,,,,,,,,,,
4312,topping-meat,froglegs,4312-topping-meat-froglegs,Y,3,,,,,,,,,,,
4320,topping-meat,,4320-topping-meat-,N,,,,,,,,,,,,
4330,topping-meat,,4330-topping-meat-,N,,,,,,,,,,,,
4340,topping-meat,,4340-topping-meat-,N,,,,,,,,,,,,
4350,topping-meat,,4350-topping-meat-,N,,,,,,,,,,,,
4360,topping-meat,,4360-topping-meat-,N,,,,,,,,,,,,
4370,topping-meat,oxtail,4370-topping-meat-oxtail,Y,3,,,,,,,,,,,
4371,topping-meat,oxtail,4371-topping-meat-oxtail,Y,3,,,,,,,,,,,
4372,topping-meat,oxtail,4372-topping-meat-oxtail,Y,3,,,,,,,,,,,
4380,topping-meat,,4380-topping-meat-,N,,,,,,,,,,,,
5000,topping-fruit,tomato,5000-topping-fruit-tomato,N,,,,,,,,,,,,
5010,topping-fruit,greenpapaya,5010-topping-fruit-greenpapaya,N,,,,,,,,,,,,
5020,topping-fruit,pineapple,5020-topping-fruit-pineapple,N,,,,,,,,,,,,
5030,topping-fruit,olives,5030-topping-fruit-olives,N,,,,,,,,,,,,
5050,topping-fruit,watermelon,5050-topping-fruit-watermelon,Y,3,,,,,,,,,,,
5051,topping-fruit,watermelon,5051-topping-fruit-watermelon,Y,3,,,,,,,,,,,
5052,topping-fruit,watermelon,5052-topping-fruit-watermelon,Y,3,,,,,,,,,,,
5053,topping-fruit,watermelon,5053-topping-fruit-watermelon,Y,3,,,,,,,,,,,
5054,topping-fruit,watermelon,5054-topping-fruit-watermelon,Y,3,,,,,,,,,,,
5060,topping-fruit,kiwi,5060-topping-fruit-kiwi,Y,2,,,,,,,,,,,
5070,topping-fruit,orange,5070-topping-fruit-orange,N,,,,,,,,,,,,
5080,topping-fruit,peach,5080-topping-fruit-peach,Y,4,,,,,,,,,,,
5081,topping-fruit,peach,5081-topping-fruit-peach,Y,2.5,,,,,,,,,,,
5082,topping-fruit,peach,5082-topping-fruit-peach,Y,2.5,,,,,,,,,,,
5083,topping-fruit,peach,5083-topping-fruit-peach,Y,2.5,,,,,,,,,,,
5090,topping-fruit,strawberry,5090-topping-fruit-strawberry,Y,1.5,,,,,,,,,,,
5091,topping-fruit,strawberry,5091-topping-fruit-strawberry,Y,1.5,,,,,,,,,,,
5100,topping-fruit,apple,5100-topping-fruit-apple,Y,2.5,,,,,,,,,,,
5101,topping-fruit,apple,5101-topping-fruit-apple,Y,2.5,,,,,,,,,,,
5102,topping-fruit,apple,5102-topping-fruit-apple,Y,2.5,,,,,,,,,,,
5103,topping-fruit,apple,5103-topping-fruit-apple,Y,2.5,,,,,,,,,,,
5104,topping-fruit,apple,5104-topping-fruit-apple,Y,2.5,,,,,,,,,,,
5105,topping-fruit,apple,5105-topping-fruit-apple,Y,2.5,,,,,,,,,,,
5106,topping-fruit,apple,5106-topping-fruit-apple,Y,2.5,,,,,,,,,,,
5110,topping-fruit,cherry,5110-topping-fruit-cherry,Y,2,,,,,,,,,,,
5111,topping-fruit,cherry,5111-topping-fruit-cherry,Y,2,,,,,,,,,,,
5112,topping-fruit,cherry,5112-topping-fruit-cherry,Y,2,,,,,,,,,,,
5113,topping-fruit,cherry,5113-topping-fruit-cherry,Y,2,,,,,,,,,,,
5114,topping-fruit,cherry,5114-topping-fruit-cherry,Y,2,,,,,,,,,,,
5115,topping-fruit,cherry,5115-topping-fruit-cherry,Y,2,,,,,,,,,,,
5120,topping-fruit,blackberry,5120-topping-fruit-blackberry,Y,1,,,,,,,,,,,
5121,topping-fruit,blackberry,5121-topping-fruit-blackberry,Y,1,,,,,,,,,,,
5122,topping-fruit,blackberry,5122-topping-fruit-blackberry,Y,1,,,,,,,,,,,
5123,topping-fruit,blackberry,5123-topping-fruit-blackberry,Y,1,,,,,,,,,,,
5124,topping-fruit,blackberry,5124-topping-fruit-blackberry,Y,1,,,,,,,,,,,
5125,topping-fruit,blackberry,5125-topping-fruit-blackberry,Y,1,,,,,,,,,,,
5130,topping-fruit,orangeslices,5130-topping-fruit-orangeslices,Y,3,,,,,,,,,,,
5131,topping-fruit,orangeslices,5131-topping-fruit-orangeslices,Y,3,,,,,,,,,,,
5132,topping-fruit,orangeslices,5132-topping-fruit-orangeslices,Y,3,,,,,,,,,,,
5140,topping-fruit,cantalope,5140-topping-fruit-cantalope,Y,6,,,,,,,,,,,
5141,topping-fruit,cantalope,5141-topping-fruit-cantalope,Y,6,,,,,,,,,,,
5142,topping-fruit,cantalope,5142-topping-fruit-cantalope,Y,6,,,,,,,,,,,
5150,topping-fruit,passionfruite,5150-topping-fruit-passionfruite,Y,3,,,,,,,,,,,
5151,topping-fruit,passionfruite,5151-topping-fruit-passionfruite,Y,3,,,,,,,,,,,
5152,topping-fruit,passionfruite,5152-topping-fruit-passionfruite,Y,3,,,,,,,,,,,
5160,topping-fruit,orangepeel,5160-topping-fruit-orangepeel,Y,5,,,,,,,,,,,
5161,topping-fruit,orangepeel,5161-topping-fruit-orangepeel,Y,5,,,,,,,,,,,
5162,topping-fruit,orangepeel,5162-topping-fruit-orangepeel,Y,5,,,,,,,,,,,
5163,topping-fruit,orangepeel,5163-topping-fruit-orangepeel,Y,5,,,,,,,,,,,
5154,topping-fruit,orangepeel,5154-topping-fruit-orangepeel,Y,5,,,,,,,,,,,
5170,topping-fruit,blackolives,5170-topping-fruit-blackolives,Y,,,,,,,,,,,,
5171,topping-fruit,blackolives,5171-topping-fruit-blackolives,Y,,,,,,,,,,,,
5172,topping-fruit,blackolives,5172-topping-fruit-blackolives,Y,,,,,,,,,,,,
5180,topping-fruit,dates,,,,,,,,,,,,,,
5181,topping-fruit,dates,,,,,,,,,,,,,,
5182,topping-fruit,dates,,,,,,,,,,,,,,
,,,,,,,,,,,,,,,,
,,,,,,,,,,,,,,,,
,,,,,,,,,,,,,,,,
,,,,,,,,,,,,,,,,
,,,,,,,,,,,,,,,,
,,,,,,,,,,,,,,,,
,,,,,,,,,,,,,,,,
,,,,,,,,,,,,,,,,
,,,,,,,,,,,,,,,,
,,,,,,,,,,,,,,,,
,,,,,,,,,,,,,,,,
5200,topping-pepper,chili,5200-topping-pepper-chili,Y,5.5,,,,,,,,,,,
5201,topping-pepper,chili,5201-topping-pepper-chili,Y,5.5,,,,,,,,,,,
5202,topping-pepper,chili,5202-topping-pepper-chili,Y,5.5,,,,,,,,,,,
5203,topping-pepper,chili,5203-topping-pepper-chili,Y,5.5,,,,,,,,,,,
5204,topping-pepper,chili,5204-topping-pepper-chili,Y,5.5,,,,,,,,,,,
5205,topping-pepper,chili,5205-topping-pepper-chili,Y,5.5,,,,,,,,,,,
5206,topping-pepper,chili,5206-topping-pepper-chili,Y,5.5,,,,,,,,,,,
5210,topping-pepper,jalapenopeppers,5210-topping-pepper-jalapenopeppers,Y,3,,,,,,,,,,,
5211,topping-pepper,jalapenopeppers,5211-topping-pepper-jalapenopeppers,Y,3,,,,,,,,,,,
5212,topping-pepper,jalapenopeppers,5212-topping-pepper-jalapenopeppers,Y,3,,,,,,,,,,,
5213,topping-pepper,jalapenopeppers,5213-topping-pepper-jalapenopeppers,Y,3,,,,,,,,,,,
5214,topping-pepper,jalapenopeppers,5214-topping-pepper-jalapenopeppers,Y,3,,,,,,,,,,,
5215,topping-pepper,jalapenopeppers,5215-topping-pepper-jalapenopeppers,Y,3,,,,,,,,,,,
5250,topping-pepper,ghost peppers,5250-topping-pepper-ghost peppers,Y,3,,,,,,,,,,,
5251,topping-pepper,ghost peppers,5251-topping-pepper-ghost peppers,Y,3,,,,,,,,,,,
5252,topping-pepper,ghost peppers,5252-topping-pepper-ghost peppers,Y,3,,,,,,,,,,,
5253,topping-pepper,ghost peppers,5253-topping-pepper-ghost peppers,Y,3,,,,,,,,,,,
5260,topping-pepper,,5260-topping-pepper-,N,,,,,,,,,,,,
5270,topping-pepper,,5270-topping-pepper-,N,,,,,,,,,,,,
5280,topping-pepper,,5280-topping-pepper-,N,,,,,,,,,,,,
5290,topping-pepper,,5290-topping-pepper-,N,,,,,,,,,,,,
5300,topping-pepper,,5300-topping-pepper-,N,,,,,,,,,,,,
5310,topping-pepper,,5310-topping-pepper-,N,,,,,,,,,,,,
5400,topping-fungi,mushrooms,5400-topping-fungi-mushrooms,Y,1.5,,,,,,,,,,,
5410,topping-fungi,truffles,5410-topping-fungi-truffles,Y,2,,,,,,,,,,,
5420,topping-fungi,magicmushroom,5420-topping-fungi-magicmushroom,Y,4,,,,,,,,,,,
5421,topping-fungi,magicmushroom,5421-topping-fungi-magicmushroom,Y,4,,,,,,,,,,,
5422,topping-fungi,magicmushroom,5422-topping-fungi-magicmushroom,Y,4,,,,,,,,,,,
5430,topping-fungi,spaceshroom,5430-topping-fungi-spaceshroom,Y,2,,,,,,,,,,,
5431,topping-fungi,spaceshroom,5431-topping-fungi-spaceshroom,Y,2,,,,,,,,,,,
5440,topping-fungi,porcini,5440-topping-fungi-porcini,Y,2,,,,,,,,,,,
5441,topping-fungi,porcini,5441-topping-fungi-porcini,Y,2,,,,,,,,,,,
5450,topping-fungi,trufflepig,5450-topping-fungi-trufflepig,Y,3,,,,,,,,,,,
5451,topping-fungi,trufflepig,5451-topping-fungi-trufflepig,Y,3,,,,,,,,,,,
5460,topping-fungi,psilocybin,5460-topping-fungi-psilocybin,Y,4,,,,,,,,,,,
5500,topping-nut,pistachios,5500-topping-nut-pistachios,Y,0.5,,,,,,,,,,,
5501,topping-nut,pistachios,5501-topping-nut-pistachios,Y,0.5,,,,,,,,,,,
5510,topping-nut,pinenuts,5510-topping-nut-pinenuts,Y,0.25,,,,,,,,,,,
5520,topping-nut,peanuts,5520-topping-nut-peanuts,Y,1,,,,,,,,,,,
5521,topping-nut,peanuts,5521-topping-nut-peanuts,Y,1,,,,,,,,,,,
5522,topping-nut,peanuts,5522-topping-nut-peanuts,Y,1,,,,,,,,,,,
5530,topping-nut,pecans,5530-topping-nut-pecans,N,0.75,,,,,,,,,,,
5600,topping-vegetable,leek,5600-topping-vegetable-leek,Y,9,,,,,,,,,,,
5610,topping-vegetable,vegansausage,5610-topping-vegetable-vegansausage,Y,5,,,,,,,,,,,
5611,topping-vegetable,vegansausage,5611-topping-vegetable-vegansausage,Y,5,,,,,,,,,,,
5612,topping-vegetable,vegansausage,5612-topping-vegetable-vegansausage,Y,5,,,,,,,,,,,
5613,topping-vegetable,vegansausage,5613-topping-vegetable-vegansausage,Y,5,,,,,,,,,,,
5614,topping-vegetable,vegansausage,5614-topping-vegetable-vegansausage,Y,5,,,,,,,,,,,
5620,topping-vegetable,cactus,5620-topping-vegetable-cactus,Y,4,,,,,,,,,,,
5621,topping-vegetable,cactus,5621-topping-vegetable-cactus,Y,4,,,,,,,,,,,
5622,topping-vegetable,cactus,5622-topping-vegetable-cactus,Y,4,,,,,,,,,,,
5623,topping-vegetable,cactus,5623-topping-vegetable-cactus,Y,4,,,,,,,,,,,
5624,topping-vegetable,cactus,5624-topping-vegetable-cactus,Y,4,,,,,,,,,,,
5625,topping-vegetable,cactus,5625-topping-vegetable-cactus,Y,4,,,,,,,,,,,
5630,topping-vegetable,eggplant,5630-topping-vegetable-eggplant,N,,,,,,,,,,,,
5640,topping-vegetable,edamame,5640-topping-vegetable-edamame,Y,0.5,,,,,,,,,,,
5641,topping-vegetable,edamame,5641-topping-vegetable-edamame,Y,0.5,,,,,,,,,,,
5650,topping-vegetable,tofu,5650-topping-vegetable-tofu,Y,1,,,,,,,,,,,
5651,topping-vegetable,tofu,5651-topping-vegetable-tofu,Y,1,,,,,,,,,,,
5652,topping-vegetable,tofu,5652-topping-vegetable-tofu,Y,1,,,,,,,,,,,
5653,topping-vegetable,tofu,5653-topping-vegetable-tofu,Y,1,,,,,,,,,,,
5654,topping-vegetable,tofu,5654-topping-vegetable-tofu,Y,1,,,,,,,,,,,
5655,topping-vegetable,tofu,5655-topping-vegetable-tofu,Y,1,,,,,,,,,,,
5660,topping-vegetable,spinach,5660-topping-vegetable-spinach,Y,2,3,4,2,3,,,,,,,
5661,topping-vegetable,spinach,5661-topping-vegetable-spinach,Y,2,3,4,2,3,,,,,,,
5662,topping-vegetable,spinach,5662-topping-vegetable-spinach,Y,2,3,4,2,3,,,,,,,
5663,topping-vegetable,spinach,5663-topping-vegetable-spinach,Y,2.5,3.5,4.5,2,3,,,,,,,
5664,topping-vegetable,spinach,5664-topping-vegetable-spinach,Y,2.5,3.5,4.5,2,3,,,,,,,
5665,topping-vegetable,spinach,5665-topping-vegetable-spinach,Y,3,4,4.5,2,3,,,,,,,
5670,topping-vegetable,pickles,5670-topping-vegetable-pickles,Y,1.5,,,,,,,,,,,
5671,topping-vegetable,pickles,5671-topping-vegetable-pickles,Y,1.5,,,,,,,,,,,
5672,topping-vegetable,pickles,5672-topping-vegetable-pickles,Y,5,,,,,,,,,,,
5673,topping-vegetable,pickles,5673-topping-vegetable-pickles,Y,5,,,,,,,,,,,
5680,topping-vegetable,bamboo,5680-topping-vegetable-bamboo,Y,5,,,,,,,,,,,
5681,topping-vegetable,bamboo,5681-topping-vegetable-bamboo,Y,5,,,,,,,,,,,
5682,topping-vegetable,bamboo,5682-topping-vegetable-bamboo,Y,5,,,,,,,,,,,
5683,topping-vegetable,bamboo,5683-topping-vegetable-bamboo,Y,5,,,,,,,,,,,
5684,topping-vegetable,bamboo,5684-topping-vegetable-bamboo,Y,5,,,,,,,,,,,
5690,topping-vegetable,rosemary,5690-topping-vegetable-rosemary,Y,4,,,,,,,,,,,
5691,topping-vegetable,rosemary,5691-topping-vegetable-rosemary,Y,1,,,,,,,,,,,
5692,topping-vegetable,rosemary,5692-topping-vegetable-rosemary,Y,4,,,,,,,,,,,
5693,topping-vegetable,rosemary,5693-topping-vegetable-rosemary,Y,1,,,,,,,,,,,
5694,topping-vegetable,rosemary,5694-topping-vegetable-rosemary,Y,1,,,,,,,,,,,
5695,topping-vegetable,rosemary,5695-topping-vegetable-rosemary,Y,1,,,,,,,,,,,
5700,topping-vegetable,shadowplant,5700-topping-vegetable-shadowplant,Y,5,,,,,,,,,,,
5701,topping-vegetable,shadowplant,5701-topping-vegetable-shadowplant,Y,5,,,,,,,,,,,
5702,topping-vegetable,shadowplant,5702-topping-vegetable-shadowplant,Y,5,,,,,,,,,,,
5703,topping-vegetable,shadowplant,5703-topping-vegetable-shadowplant,Y,5,,,,,,,,,,,
5704,topping-vegetable,shadowplant,5704-topping-vegetable-shadowplant,Y,5,,,,,,,,,,,
5705,topping-vegetable,shadowplant,5705-topping-vegetable-shadowplant,Y,5,,,,,,,,,,,
5710,topping-vegetable,redonion,5710-topping-vegetable-redonion,Y,,,,,,,,,,,,
5711,topping-vegetable,redonion,5711-topping-vegetable-redonion,Y,,,,,,,,,,,,
5712,topping-vegetable,redonion,5712-topping-vegetable-redonion,Y,,,,,,,,,,,,
5713,topping-vegetable,redonion,5713-topping-vegetable-redonion,Y,,,,,,,,,,,,
5714,topping-vegetable,redonion,5714-topping-vegetable-redonion,Y,,,,,,,,,,,,
5715,topping-vegetable,redonion,5715-topping-vegetable-redonion,Y,,,,,,,,,,,,
,,,,,,,,,,,,,,,,
,,,,,,,,,,,,,,,,
,,,,,,,,,,,,,,,,
,,,,,,,,,,,,,,,,
6000,topping-seafood,shrimp,6000-topping-seafood-shrimp,Y,2.25,,,,,,,,,,,100
6001,topping-seafood,shrimp,6001-topping-seafood-shrimp,Y,2.5,,,,,,,,,,,50
6002,topping-seafood,shrimp,6002-topping-seafood-shrimp,Y,2.375,,,,,,,,,,,50
6003,topping-seafood,shrimp,6003-topping-seafood-shrimp,Y,2.4,,,,,,,,,,,30
6004,topping-seafood,shrimp,6004-topping-seafood-shrimp,Y,2.25,,,,,,,,,,,100
6010,topping-seafood,anchovies,6010-topping-seafood-anchovies,Y,3.5,,,,,,,,,,,
6011,topping-seafood,anchovies,6011-topping-seafood-anchovies,Y,3.5,,,,,,,,,,,
6020,topping-seafood,lobster,6020-topping-seafood-lobster,Y,3,0.15,,,,,,,,,,30
6021,topping-seafood,lobster,6021-topping-seafood-lobster,Y,8.5,0.5,,,,,,,,,,10
6030,topping-seafood,scallop,6030-topping-seafood-scallop,Y,1.75,0.25,,,,,,,,,,
6031,topping-seafood,scallop,6031-topping-seafood-scallop,Y,1.75,0.25,,,,,,,,,,
6040,topping-seafood,salmon,6040-topping-seafood-salmon,Y,4.5,0.1,,,,,,,,,,
6041,topping-seafood,salmon,6041-topping-seafood-salmon,Y,4.5,,,,,,,,,,,
6042,topping-seafood,salmon,6042-topping-seafood-salmon,Y,4.5,,,,,,,,,,,
6050,topping-seafood,sardine,6050-topping-seafood-sardine,Y,4,,,,,,,,,,,
6051,topping-seafood,sardine,6051-topping-seafood-sardine,Y,4,,,,,,,,,,,
6060,topping-seafood,smokedsalmon,6060-topping-seafood-smokedsalmon,N,,,,,,,,,,,,
6070,topping-seafood,calamari,6070-topping-seafood-calamari,N,,,,,,,,,,,,
6080,topping-seafood,cthulhu,6080-topping-seafood-cthulhu,Y,9,,,,,,,,,,,
6090,topping-seafood,poke,6090-topping-seafood-poke,Y,4,,,,,,,,,,,
6091,topping-seafood,poke,6091-topping-seafood-poke,Y,4,,,,,,,,,,,
6092,topping-seafood,poke,6092-topping-seafood-poke,Y,4,,,,,,,,,,,
6093,topping-seafood,poke,6093-topping-seafood-poke,Y,4,,,,,,,,,,,
6094,topping-seafood,poke,6094-topping-seafood-poke,Y,4,,,,,,,,,,,
6095,topping-seafood,poke,6095-topping-seafood-poke,Y,4,,,,,,,,,,,
6100,topping-seafood,octopus,6100-topping-seafood-octopus,Y,3,,,,,,,,,,,
6110,topping-seafood,oysters,6110-topping-seafood-oysters,Y,3,,,,,,,,,,,
6111,topping-seafood,oysters,6111-topping-seafood-oysters,Y,3,,,,,,,,,,,
6120,topping-seafood,endangered,6120-topping-seafood-endangered,Y,2,,,,,,,,,,,
6121,topping-seafood,endangered,6121-topping-seafood-endangered,Y,2,,,,,,,,,,,
6130,topping-seafood,umi,6130-topping-seafood-umi,Y,2,,,,,,,,,,,
6131,topping-seafood,umi,6131-topping-seafood-umi,Y,2,,,,,,,,,,,
6132,topping-seafood,umi,6132-topping-seafood-umi,Y,2,,,,,,,,,,,
6200,topping-bugs,crickets,6200-topping-bugs-crickets,Y,1,,,,,,,,,,,
6201,topping-bugs,crickets,6201-topping-bugs-crickets,Y,1,,,,,,,,,,,
6210,topping-bugs,worms,6210-topping-bugs-worms,Y,4,,,,,,,,,,,
6220,topping-bugs,wasp,6220-topping-bugs-wasp,Y,0.75,,,,,,,,,,,
6230,topping-bugs,cicada,6230-topping-bugs-cicada,Y,1,,,,,,,,,,,
6240,toppings-bugs,maggots,6240-toppings-bugs-maggots,Y,0.25,,,,,,,,,,,
6241,toppings-bugs,maggots,6241-toppings-bugs-maggots,Y,0.25,,,,,,,,,,,
6250,toppings-bugs,spiders,6250-toppings-bugs-spiders,Y,1,,,,,,,,,,,
6251,toppings-bugs,spiders,6251-toppings-bugs-spiders,Y,1,,,,,,,,,,,
6252,toppings-bugs,spiders,6252-toppings-bugs-spiders,Y,1,,,,,,,,,,,
6253,toppings-bugs,spiders,6253-toppings-bugs-spiders,Y,1,,,,,,,,,,,
6254,toppings-bugs,spiders,6254-toppings-bugs-spiders,Y,1,,,,,,,,,,,
6255,toppings-bugs,spiders,6255-toppings-bugs-spiders,Y,1,,,,,,,,,,,
6300,toppings-herb,hibiscus,6300-toppings-herb-hibiscus,Y,5,,,,,,,,,,,
6301,toppings-herb,hibiscus,6301-toppings-herb-hibiscus,Y,5,,,,,,,,,,,
6310,toppings-herb,cannabis,6310-toppings-herb-cannabis,Y,2,,,,,,,,,,,
6311,toppings-herb,cannabis,6311-toppings-herb-cannabis,Y,2,,,,,,,,,,,
6312,toppings-herb,cannabis,6312-toppings-herb-cannabis,Y,2,,,,,,,,,,,
6313,toppings-herb,cannabis,6313-toppings-herb-cannabis,Y,2,,,,,,,,,,,
6314,toppings-herb,cannabis,6314-toppings-herb-cannabis,Y,2,,,,,,,,,,,
6315,toppings-herb,cannabis,6315-toppings-herb-cannabis,Y,2,,,,,,,,,,,
6316,toppings-herb,cannabis,6316-toppings-herb-cannabis,Y,2,,,,,,,,,,,
6320,toppings-herb,basil,6320-toppings-herb-basil,Y,2,,,,,,,,,,,
6321,toppings-herb,basil,6321-toppings-herb-basil,Y,2,,,,,,,,,,,
6322,toppings-herb,basil,6322-toppings-herb-basil,Y,2,,,,,,,,,,,
6330,toppings-herb,hemp,6330-toppings-herb-hemp,Y,2,,,,,,,,,,,
6331,toppings-herb,hemp,6331-toppings-herb-hemp,Y,2,,,,,,,,,,,
6400,topping-eggs,dino,6400-topping-eggs-dino,Y,9,,,,,,,,,,,
6410,topping-eggs,gold,6410-topping-eggs-gold,Y,9,,,,,,,,,,,
6420,topping-eggs,goose,6420-topping-eggs-goose,Y,4.5,,,,,,,,,,,
6421,topping-eggs,faberge,6421-topping-eggs-faberge,N,,,,,,,,,,,,
6500,topping-space,astronaut,6500-topping-space-astronaut,N,,,,,,,,,,,,
6510,topping-space,lunarlander,6510-topping-space-lunarlander,Y,,,,,,,,,,,,
6520,topping-space,sputnik,6520-topping-space-sputnik,N,,,,,,,,,,,,
6530,topping-space,shrimp,6530-topping-space-shrimp,Y,,,,,,,,,,,,
6540,topping-space,robot,6540-topping-space-robot,Y,,,,,,,,,,,,
6550,topping-space,movielight,6550-topping-space-movielight,Y,,,,,,,,,,,,
6560,topping-space,tesla,6560-topping-space-tesla,Y,,,,,,,,,,,,
6570,topping-space,meateorite,6570-topping-space-meateorite,Y,,,,,,,,,,,,
6571,topping-space,meateorite,6571-topping-space-meateorite,Y,,,,,,,,,,,,
6572,topping-space,meateorite,6572-topping-space-meateorite,Y,,,,,,,,,,,,
6573,topping-space,meateorite,6573-topping-space-meateorite,Y,,,,,,,,,,,,
6574,topping-space,meateorite,6574-topping-space-meateorite,Y,,,,,,,,,,,,
6580,topping-space,madamealien,6580-topping-space-madamealien,Y,,,,,,,,,,,,
6581,topping-space,madamealien,6581-topping-space-madamealien,Y,,,,,,,,,,,,
6582,topping-space,madamealien,6582-topping-space-madamealien,Y,,,,,,,,,,,,
6583,topping-space,madamealien,6583-topping-space-madamealien,Y,,,,,,,,,,,,
6584,topping-space,madamealien,6584-topping-space-madamealien,Y,,,,,,,,,,,,
6585,topping-space,madamealien,6585-topping-space-madamealien,Y,,,,,,,,,,,,
6590,topping-space,,6590-topping-space-,N,,,,,,,,,,,,
6700,topping-misc,dilldough,6700-topping-misc-dilldough,Y,,,,,,,,,,,,
6701,topping-misc,dilldough,6701-topping-misc-dilldough,Y,,,,,,,,,,,,
6702,topping-misc,dilldough,6702-topping-misc-dilldough,Y,,,,,,,,,,,,
6703,topping-misc,dilldough,6703-topping-misc-dilldough,Y,,,,,,,,,,,,
6704,topping-misc,dilldough,6704-topping-misc-dilldough,Y,,,,,,,,,,,,
6705,topping-misc,dilldough,6705-topping-misc-dilldough,Y,,,,,,,,,,,,
6710,topping-misc,puzzle,6710-topping-misc-puzzle,Y,,,,,,,,,,,,
6711,topping-misc,puzzle,6711-topping-misc-puzzle,Y,,,,,,,,,,,,
6712,topping-misc,puzzle,6712-topping-misc-puzzle,Y,,,,,,,,,,,,
6713,topping-misc,puzzle,6713-topping-misc-puzzle,Y,,,,,,,,,,,,
6714,topping-misc,puzzle,6714-topping-misc-puzzle,Y,,,,,,,,,,,,
6715,topping-misc,puzzle,6715-topping-misc-puzzle,Y,,,,,,,,,,,,
6720,topping-misc,goldflakes,6720-topping-misc-goldflakes,Y,,,,,,,,,,,,
6721,topping-misc,goldflakes,6721-topping-misc-goldflakes,Y,,,,,,,,,,,,
6722,topping-misc,goldflakes,6722-topping-misc-goldflakes,Y,,,,,,,,,,,,
6730,topping-misc,diamonds,6730-topping-misc-diamonds,Y,,,,,,,,,,,,
6731,topping-misc,diamonds,6731-topping-misc-diamonds,Y,,,,,,,,,,,,
6732,topping-misc,diamonds,6732-topping-misc-diamonds,Y,,,,,,,,,,,,
6740,topping-misc,twinkieweiner,6740-topping-misc-twinkieweiner,Y,,,,,,,,,,,,
6750,topping-misc,paintstrokes,6750-topping-misc-paintstrokes,Y,2,,,,,,,,,,,
6751,topping-misc,paintstrokes,6751-topping-misc-paintstrokes,Y,2,,,,,,,,,,,
6752,topping-misc,paintstrokes,6752-topping-misc-paintstrokes,Y,2,,,,,,,,,,,
6753,topping-misc,paintstrokes,6753-topping-misc-paintstrokes,Y,2,,,,,,,,,,,
6754,topping-misc,paintstrokes,6754-topping-misc-paintstrokes,Y,2,,,,,,,,,,,
6760,topping-misc,thingswitheyes,,,,,,,,,,,,,,
6761,topping-misc,thingswitheyes,,,,,,,,,,,,,,
6762,topping-misc,thingswitheyes,,,,,,,,,,,,,,
6763,topping-misc,thingswitheyes,,,,,,,,,,,,,,
6770,topping-misc,dogtoy,,,,,,,,,,,,,,
6771,topping-misc,dogtoy,,,,,,,,,,,,,,
6772,topping-misc,dogtoy,,,,,,,,,,,,,,
6773,topping-misc,dogtoy,,,,,,,,,,,,,,
,,,,,,,,,,,,,,,,
,,,,,,,,,,,,,,,,
,,,,,,,,,,,,,,,,
,,,,,,,,,,,,,,,,
6800,topping-snax,snaprocks,6800-topping-snax-snaprocks,Y,0.75,,,,,,,,,,,
6801,topping-snax,snaprocks,6801-topping-snax-snaprocks,Y,0.75,,,,,,,,,,,
6802,topping-snax,snaprocks,6802-topping-snax-snaprocks,Y,0.75,,,,,,,,,,,
6803,topping-snax,snaprocks,6803-topping-snax-snaprocks,Y,0.75,,,,,,,,,,,
6820,topping-snax,starcandies,6820-topping-snax-starcandies,Y,0.75,,,,,,,,,,,
6821,topping-snax,starcandies,6821-topping-snax-starcandies,Y,0.75,,,,,,,,,,,
6822,topping-snax,starcandies,6822-topping-snax-starcandies,Y,0.75,,,,,,,,,,,
6823,topping-snax,starcandies,6823-topping-snax-starcandies,Y,0.75,,,,,,,,,,,
6824,topping-snax,starcandies,6824-topping-snax-starcandies,Y,0.75,,,,,,,,,,,
6825,topping-snax,starcandies,6825-topping-snax-starcandies,Y,0.75,,,,,,,,,,,
6826,topping-snax,starcandies,6826-topping-snax-starcandies,Y,0.75,,,,,,,,,,,
6827,topping-snax,starcandies,6827-topping-snax-starcandies,Y,0.75,,,,,,,,,,,
6830,topping-snax,icecream,6830-topping-snax-icecream,Y,6,,,,,,,,,,,
6831,topping-snax,icecream,6831-topping-snax-icecream,Y,6,,,,,,,,,,,
6832,topping-snax,icecream,6832-topping-snax-icecream,Y,6,,,,,,,,,,,
6840,topping-snax,popcorn,6840-topping-snax-popcorn,Y,1,,,,,,,,,,,
6841,topping-snax,popcorn,6841-topping-snax-popcorn,Y,1,,,,,,,,,,,
6842,topping-snax,popcorn,6842-topping-snax-popcorn,Y,1,,,,,,,,,,,
6843,topping-snax,popcorn,6843-topping-snax-popcorn,Y,1,,,,,,,,,,,
6844,topping-snax,popcorn,6844-topping-snax-popcorn,Y,1,,,,,,,,,,,
6845,topping-snax,popcorn,6845-topping-snax-popcorn,Y,1,,,,,,,,,,,
6900,topping-crypto,defifriends,6900-topping-crypto-defifriends,N,,,,,,,,,,,,
7000,extra-crypto,swoledoge,7000-extra-crypto-swoledoge,Y,7,,,,,,,,,,,
7001,extra-crypto,swoledoge,7001-extra-crypto-swoledoge,Y,7,,,,,,,,,,,
7002,extra-crypto,swoledoge,7002-extra-crypto-swoledoge,Y,7,,,,,,,,,,,
7003,extra-crypto,swoledoge,7003-extra-crypto-swoledoge,Y,7,,,,,,,,,,,
7010,extra-crypto,laszlo,7010-extra-crypto-laszlo,Y,5,,,,,,,,,,,
7011,extra-crypto,laszlo,7011-extra-crypto-laszlo,Y,5,,,,,,,,,,,
7012,extra-crypto,laszlo,7012-extra-crypto-laszlo,Y,5,,,,,,,,,,,
7013,extra-crypto,laszlo,7013-extra-crypto-laszlo,Y,5,,,,,,,,,,,
7014,extra-crypto,laszlo,7014-extra-crypto-laszlo,Y,5,,,,,,,,,,,
7100,extra-bugs,maggots,7100-extra-bugs-maggots,Y,0.5,,,,,,,,,,,
7200,extra-misc,chirstmaslights,7200-extra-misc-chirstmaslights,Y,9,,,,,,,,,,,
8000,extra-special,rockandrolltesla,8000-extra-special-rockandrolltesla,Y,2.5,,,,,,,,,,,
8020,extra-special,poplogo,8020-extra-special-poplogo,Y,4,,,,,,,,,,,
8021,extra-special,poplogo,8021-extra-special-poplogo,Y,4,,,,,,,,,,,
8030,extra-special,nyanpizza,8030-extra-special-nyanpizza,Y,6,,,,,,,,,,,
8040,extra-special,buttons,8040-extra-special-buttons,Y,1,,,,,,,,,,,
8041,extra-special,buttons,8041-extra-special-buttons,Y,1,,,,,,,,,,,
8042,extra-special,buttons,8042-extra-special-buttons,Y,1,,,,,,,,,,,
8043,extra-special,buttons,8043-extra-special-buttons,Y,1,,,,,,,,,,,
8044,extra-special,buttons,8044-extra-special-buttons,Y,1,,,,,,,,,,,
8045,extra-special,buttons,8045-extra-special-buttons,Y,1,,,,,,,,,,,
9000,seasoning,pepperflakes,,,,,,,,,,,,,,
,,,,,,,,,,,,,,,,
,,,,,,,,,,,,,,,,
,,,,,,,,,,,,,,,,
,,,,,,,,,,,,,,,,
8100,extra-squirt,,8100-extra-squirt-,N,,,,,,,,,,,,
8110,extra-squirt,,8110-extra-squirt-,N,,,,,,,,,,,,
8120,extra-squirt,,8120-extra-squirt-,N,,,,,,,,,,,,
8130,extra-squirt,ranch,8130-extra-squirt-ranch,Y,9,,,,,,,,,,,
8140,extra-squirt,cheesewizz,8140-extra-squirt-cheesewizz,Y,8,,,,,,,,,,,
8150,extra-squirt,peptomics,8150-extra-squirt-peptomics,Y,1,,,,,,,,,,,
8151,extra-squirt,peptomics,8151-extra-squirt-peptomics,Y,1,,,,,,,,,,,
8152,extra-squirt,peptomics,8152-extra-squirt-peptomics,Y,1,,,,,,,,,,,
8153,extra-squirt,peptomics,8153-extra-squirt-peptomics,Y,1,,,,,,,,,,,
8154,extra-squirt,peptomics,8154-extra-squirt-peptomics,Y,1,,,,,,,,,,,
8155,extra-squirt,peptomics,8155-extra-squirt-peptomics,Y,1,,,,,,,,,,,
8156,extra-squirt,peptomics,8156-extra-squirt-peptomics,Y,1,,,,,,,,,,,
8160,extra-pizza,mafia,8160-extra-pizza-mafia,Y,,,,,,,,,,,,
8161,extra-pizza,mafia,8161-extra-pizza-mafia,Y,,,,,,,,,,,,
8162,extra-pizza,mafia,8162-extra-pizza-mafia,Y,,,,,,,,,,,,
8163,extra-pizza,mafia,8163-extra-pizza-mafia,Y,,,,,,,,,,,,
8164,extra-pizza,mafia,8164-extra-pizza-mafia,Y,,,,,,,,,,,,
8170,extra-nft,antinfta,8170-extra-nft-antinfta,Y,,,,,,,,,,,,
9000,seasoning-spice,glitter,9000-seasoning-spice-glitter,N,,,,,,,,,,,,
9010,seasoning-spice,cardamon,9010-seasoning-spice-cardamon,N,,,,,,,,,,,,
9020,seasoning-spice,paprika,9020-seasoning-spice-paprika,N,,,,,,,,,,,,
9030,seasoning-spice,blackpepper,9030-seasoning-spice-blackpepper,N,,,,,,,,,,,,
9040,seasoning-spice,pepperflakes,9040-seasoning-spice-pepperflakes,N,,,,,,,,,,,,
9050,seasoning-spice,garlicpowder,9050-seasoning-spice-garlicpowder,N,,,,,,,,,,,,
9060,seasoning-spice,oregano,9060-seasoning-spice-oregano,Y,,,,,,,,,,,,
9060,seasoning-spice,parsley,9060-seasoning-spice-parsley,Y,,,,,,,,,,,,
9061,seasoning-spice,parsley,9061-seasoning-spice-parsley,Y,,,,,,,,,,,,
9062,seasoning-spice,parsley,9062-seasoning-spice-parsley,Y,,,,,,,,,,,,
9063,seasoning-spice,parsley,9063-seasoning-spice-parsley,Y,,,,,,,,,,,,
9051,topping-seafood,Crab,9051-topping-seafood-Crab,N,,,,,,,,,,,,
9052,topping-seafood,Crab Claw,9052-topping-seafood-Crab Claw,N,,,,,,,,,,,,
 ,topping-fruit,banana, -topping-fruit-banana,Y,,,,,,,,,,,,
,,,--,N,,,,,,,,,,,,
,topping-meat,,-topping-meat-,N,,,,,,,,,,,,
9696,topping-fruit,Orange Peel,9696-orangepeel-v1.png,,,,,,,,,,,,,